code,name,stockType,categoryA,categoryB,categoryC
011090,에넥스,보통주,경기소비재,내구소비재 및 의류,내구소비재
214330,금호에이치티,보통주,경기소비재,자동차 및 부품,자동차부품
093230,이아이디,보통주,에너지,에너지,석유 및 가스
012280,영화금속,보통주,경기소비재,자동차 및 부품,자동차부품
006220,제주은행,보통주,금융,은행,상업은행
005930,삼성전자,보통주,IT,하드웨어,휴대폰 및 관련부품
014160,대영포장,보통주,소재,소재,용기 및 포장
001440,대한전선,보통주,산업재,자본재,전기장비
004410,서울식품공업,보통주,필수소비재,음식료 및 담배,식료품
013700,까뮤이앤씨,보통주,산업재,자본재,건설
047050,포스코인터내셔널,보통주,산업재,자본재,무역
002630,오리엔트바이오,보통주,의료,제약 및 바이오,바이오
047040,대우건설,보통주,산업재,자본재,건설
000430,대원강업,보통주,경기소비재,자동차 및 부품,자동차부품
042670,두산인프라코어,보통주,산업재,자본재,기계
017550,수산중공업,보통주,산업재,자본재,기계
004060,에스지세계물산,보통주,경기소비재,내구소비재 및 의류,섬유 및 의복
005880,대한해운,보통주,산업재,운송,해상운수
000270,기아자동차,보통주,경기소비재,자동차 및 부품,자동차
001360,삼성제약,보통주,의료,제약 및 바이오,제약
002070,비비안,보통주,경기소비재,내구소비재 및 의류,섬유 및 의복
068270,셀트리온,보통주,의료,제약 및 바이오,바이오
033180,필룩스,보통주,필수소비재,생활용품,가정생활용품
900140,엘브이엠씨홀딩스,보통주,경기소비재,자동차 및 부품,자동차
011300,성안,보통주,경기소비재,내구소비재 및 의류,섬유 및 의복
000660,에스케이하이닉스,보통주,IT,반도체,반도체 및 관련장비
001510,SK증권,보통주,금융,증권,증권
010140,삼성중공업,보통주,산업재,자본재,조선
034220,LG디스플레이,보통주,IT,디스플레이,디스플레이 및 관련부품
005935,삼성전자1우,우선주,IT,하드웨어,휴대폰 및 관련부품
088350,한화생명보험,보통주,금융,보험,보험
007570,일양약품,보통주,의료,제약 및 바이오,제약
011930,신성이엔지,보통주,에너지,에너지,에너지 시설 및 서비스
011200,에이치엠엠,보통주,산업재,운송,해상운수
015760,한국전력공사,보통주,유틸리티,유틸리티,전력
034020,두산중공업,보통주,산업재,자본재,기계
026890,디피씨,보통주,경기소비재,내구소비재 및 의류,내구소비재
004140,동방,보통주,산업재,운송,운송인프라
066570,LG전자,보통주,경기소비재,내구소비재 및 의류,내구소비재
092220,케이이씨,보통주,IT,반도체,반도체 및 관련장비
008700,아남전자,보통주,경기소비재,내구소비재 및 의류,내구소비재
023000,삼원강재,보통주,경기소비재,자동차 및 부품,자동차부품
001470,삼부토건,보통주,산업재,자본재,건설
096770,SK이노베이션,보통주,에너지,에너지,석유 및 가스
023960,에쓰씨엔지니어링,보통주,산업재,자본재,건설
004560,현대비앤지스틸,보통주,소재,소재,금속 및 광물
006800,미래에셋대우,보통주,금융,증권,증권
037270,와이지플러스,보통주,경기소비재,미디어,미디어
086790,하나금융지주,보통주,금융,은행,상업은행
102280,쌍방울,보통주,경기소비재,내구소비재 및 의류,섬유 및 의복
008970,동양철관,보통주,소재,소재,금속 및 광물
024110,중소기업은행,보통주,금융,은행,상업은행
019170,신풍제약,보통주,의료,제약 및 바이오,제약
032640,LG유플러스,보통주,통신서비스,통신서비스,무선통신
002900,동양물산기업,보통주,산업재,자본재,기계
003490,대한항공,보통주,산업재,운송,항공운수
002870,신풍제지,보통주,소재,소재,종이 및 목재
001780,알루코,보통주,소재,소재,금속 및 광물
145210,세화아이엠씨,보통주,경기소비재,자동차 및 부품,자동차부품
025750,한솔홈데코,보통주,소재,소재,종이 및 목재
003850,보령제약,보통주,의료,제약 및 바이오,제약
008560,메리츠증권,보통주,금융,증권,증권
009460,한창제지,보통주,소재,소재,종이 및 목재
000990,DB 하이텍,보통주,IT,반도체,반도체 및 관련장비
003060,에이프로젠제약,보통주,의료,제약 및 바이오,제약
028670,팬오션,보통주,산업재,운송,해상운수
005940,NH투자증권,보통주,금융,증권,증권
055550,신한금융지주회사,보통주,금융,은행,상업은행
003560,아이에이치큐,보통주,경기소비재,미디어,미디어
011000,진원생명과학,보통주,의료,제약 및 바이오,바이오
105560,KB금융지주,보통주,금융,은행,상업은행
009830,한화솔루션,보통주,소재,소재,화학
138930,BNK금융지주,보통주,금융,은행,상업은행
007210,벽산,보통주,산업재,자본재,건축자재
002880,대유에이텍,보통주,경기소비재,자동차 및 부품,자동차부품
012030,디비아이엔씨,보통주,IT,소프트웨어,IT 서비스
003530,한화투자증권,보통주,금융,증권,증권
018500,동원금속,보통주,경기소비재,자동차 및 부품,자동차부품
007460,에이프로젠케이아이씨,보통주,소재,소재,금속 및 광물
012160,영흥,보통주,소재,소재,금속 및 광물
005380,현대자동차,보통주,경기소비재,자동차 및 부품,자동차
011280,태림포장,보통주,소재,소재,용기 및 포장
003160,디아이,보통주,IT,반도체,반도체 및 관련장비
004770,써니전자,보통주,IT,하드웨어,전자 장비 및 기기
031820,콤텍시스템,보통주,IT,하드웨어,통신장비
005110,한창,보통주,금융,부동산,부동산
316140,우리금융지주,보통주,금융,은행,상업은행
009900,명신산업,보통주,경기소비재,자동차 및 부품,자동차부품
001250,지에스글로벌,보통주,산업재,자본재,무역
064350,현대로템,보통주,산업재,운송,운송인프라
032350,롯데관광개발,보통주,경기소비재,소비자 서비스,호텔 및 레저
028050,삼성엔지니어링,보통주,산업재,자본재,건설
013870,지엠비코리아,보통주,경기소비재,자동차 및 부품,자동차부품
093370,후성,보통주,소재,소재,화학
000300,대유플러스,보통주,경기소비재,자동차 및 부품,자동차부품
008350,남선알미늄,보통주,소재,소재,금속 및 광물
008040,사조동아원,보통주,필수소비재,음식료 및 담배,식료품
085310,엔케이,보통주,산업재,자본재,조선
023800,인지컨트롤스,보통주,경기소비재,자동차 및 부품,자동차부품
006740,영풍제지,보통주,소재,소재,종이 및 목재
030200,케이티,보통주,통신서비스,통신서비스,무선통신
000720,현대건설,보통주,산업재,자본재,건설
015590,큐로,보통주,산업재,자본재,기계
027410,비지에프,보통주,경기소비재,유통,도소매
001520,동양,보통주,소재,소재,건축소재
272210,한화시스템,보통주,산업재,상업서비스,상업서비스
005850,에스엘,보통주,경기소비재,자동차 및 부품,자동차부품
145270,케이탑자기관리부동산투자회사,보통주,,,
000890,보해양조,보통주,필수소비재,음식료 및 담배,음료
002360,SH에너지화학,보통주,소재,소재,화학
336260,두산퓨얼셀보통주,보통주,IT,하드웨어,전자 장비 및 기기
024900,덕양산업,보통주,경기소비재,자동차 및 부품,자동차부품
010050,우리종합금융,보통주,금융,기타금융,창업투자 및 종금
004020,현대제철,보통주,소재,소재,금속 및 광물
353200,대덕전자,보통주,IT,하드웨어,전자 장비 및 기기
018880,한온시스템,보통주,경기소비재,자동차 및 부품,자동차부품
006360,지에스건설,보통주,산업재,자본재,건설
010060,오씨아이,보통주,소재,소재,화학
006340,대원전선,보통주,산업재,자본재,전기장비
001340,백광산업,보통주,소재,소재,화학
298050,효성첨단소재,보통주,소재,소재,화학
003410,쌍용양회공업,보통주,소재,소재,건축소재
027740,마니커,보통주,필수소비재,음식료 및 담배,식료품
002700,신일전자,보통주,경기소비재,내구소비재 및 의류,내구소비재
000060,메리츠화재해상보험,보통주,금융,보험,보험
092200,디아이씨,보통주,경기소비재,자동차 및 부품,자동차부품
005250,녹십자홀딩스,보통주,의료,제약 및 바이오,제약
001740,SK네트웍스,보통주,산업재,자본재,복합 산업
093240,형지엘리트,보통주,경기소비재,내구소비재 및 의류,섬유 및 의복
009320,대우전자부품,보통주,경기소비재,자동차 및 부품,자동차부품
047810,한국항공우주산업,보통주,산업재,상업서비스,상업서비스
035150,백산,보통주,경기소비재,내구소비재 및 의류,섬유 및 의복
251270,넷마블,보통주,IT,소프트웨어,게임 소프트웨어
294870,에이치디씨현대산업개발,보통주,산업재,자본재,건설
004490,세방전지,보통주,경기소비재,자동차 및 부품,자동차부품
015860,일진홀딩스,보통주,산업재,자본재,전기장비
011210,현대위아,보통주,경기소비재,자동차 및 부품,자동차부품
033270,한국유나이티드제약,보통주,의료,제약 및 바이오,제약
011330,유니켐,보통주,경기소비재,내구소비재 및 의류,섬유 및 의복
000040,케이알모터스,보통주,경기소비재,자동차 및 부품,자동차
028260,삼성물산,보통주,산업재,자본재,복합 산업
035420,네이버,보통주,IT,소프트웨어,인터넷 서비스
012450,한화에어로스페이스,보통주,산업재,상업서비스,상업서비스
009270,신원,보통주,경기소비재,내구소비재 및 의류,섬유 및 의복
034830,한국토지신탁,보통주,금융,부동산,부동산
012800,대창,보통주,소재,소재,금속 및 광물
008600,윌비스,보통주,경기소비재,내구소비재 및 의류,섬유 및 의복
001380,에스지충방,보통주,경기소비재,자동차 및 부품,자동차부품
071950,코아스,보통주,경기소비재,내구소비재 및 의류,내구소비재
035720,카카오,보통주,IT,소프트웨어,인터넷 서비스
011780,금호석유화학,보통주,소재,소재,화학
037560,엘지헬로비전,보통주,경기소비재,미디어,미디어
041650,상신브레이크,보통주,경기소비재,자동차 및 부품,자동차부품
008770,호텔신라,보통주,경기소비재,유통,도소매
010690,화신,보통주,경기소비재,자동차 및 부품,자동차부품
005320,국동,보통주,경기소비재,내구소비재 및 의류,섬유 및 의복
042700,한미반도체,보통주,IT,반도체,반도체 및 관련장비
083420,그린케미칼,보통주,소재,소재,화학
004270,남성,보통주,IT,하드웨어,전자 장비 및 기기
088980,맥쿼리한국인프라투융자회사,보통주,,,
264900,크라운제과(신설),보통주,필수소비재,음식료 및 담배,식료품
101140,인바이오젠,보통주,경기소비재,유통,도소매
047400,유니온머티리얼,보통주,경기소비재,자동차 및 부품,자동차부품
136490,선진,보통주,필수소비재,음식료 및 담배,식료품
007120,미래아이앤지,보통주,IT,소프트웨어,IT 서비스
014580,태경비케이,보통주,소재,소재,건축소재
005070,코스모신소재,보통주,IT,하드웨어,컴퓨터 및 주변기기
066575,LG전자1우,우선주,경기소비재,내구소비재 및 의류,내구소비재
000370,한화손해보험,보통주,금융,보험,보험
003090,대웅,보통주,의료,제약 및 바이오,제약
003520,영진약품,보통주,의료,제약 및 바이오,제약
204320,만도,보통주,경기소비재,자동차 및 부품,자동차부품
015540,쎌마테라퓨틱스,보통주,경기소비재,유통,도소매
004360,세방,보통주,산업재,운송,육상운수
005690,파미셀,보통주,의료,제약 및 바이오,바이오
079430,현대리바트,보통주,경기소비재,내구소비재 및 의류,내구소비재
006570,대림통상,보통주,산업재,자본재,건축자재
020560,아시아나항공,보통주,산업재,운송,항공운수
091810,티웨이항공,보통주,산업재,운송,항공운수
009810,엔케이물산,보통주,경기소비재,미디어,미디어
017180,명문제약,보통주,의료,제약 및 바이오,제약
104700,한국철강,보통주,소재,소재,금속 및 광물
033240,자화전자,보통주,IT,하드웨어,통신장비
195870,해성디에스,보통주,IT,반도체,반도체 및 관련장비
033250,체시스,보통주,경기소비재,자동차 및 부품,자동차부품
024070,위스컴,보통주,소재,소재,화학
000180,성창기업지주,보통주,소재,소재,종이 및 목재
044380,주연테크,보통주,IT,하드웨어,컴퓨터 및 주변기기
012330,현대모비스,보통주,경기소비재,자동차 및 부품,자동차부품
009150,삼성전기,보통주,IT,하드웨어,전자 장비 및 기기
006490,인스코비,보통주,통신서비스,통신서비스,무선통신
035250,강원랜드,보통주,경기소비재,소비자 서비스,호텔 및 레저
004800,효성,보통주,산업재,자본재,복합 산업
000880,한화,보통주,산업재,자본재,복합 산업
375500,디엘이앤씨,보통주,산업재,자본재,건설
009180,한솔로지스틱스,보통주,산업재,운송,육상운수
033780,케이티앤지,보통주,필수소비재,음식료 및 담배,담배
009310,참엔지니어링,보통주,IT,디스플레이,디스플레이 및 관련부품
013000,세우글로벌,보통주,소재,소재,화학
009190,대양금속,보통주,소재,소재,금속 및 광물
007980,태평양물산,보통주,경기소비재,내구소비재 및 의류,섬유 및 의복
336370,솔루스첨단소재,보통주,IT,하드웨어,전자 장비 및 기기
002710,티씨씨스틸,보통주,소재,소재,금속 및 광물
019490,하이트론씨스템즈,보통주,IT,하드웨어,보안장비
352820,빅히트엔터테인먼트,보통주,경기소비재,미디어,미디어
032830,삼성생명보험,보통주,금융,보험,보험
017960,한국카본,보통주,소재,소재,화학
023590,다우기술,보통주,금융,증권,증권
007810,코리아써키트,보통주,IT,하드웨어,전자 장비 및 기기
118000,우리들휴브레인,보통주,IT,소프트웨어,IT 서비스
016360,삼성증권,보통주,금융,증권,증권
034730,SK,보통주,에너지,에너지,석유 및 가스
007110,일신석재,보통주,소재,소재,건축소재
016740,두올,보통주,경기소비재,자동차 및 부품,자동차부품
005440,현대그린푸드,보통주,경기소비재,소비자 서비스,호텔 및 레저
009580,무림피앤피,보통주,소재,소재,종이 및 목재
003670,포스코케미칼,보통주,소재,소재,화학
004310,현대약품,보통주,의료,제약 및 바이오,제약
005420,코스모화학,보통주,소재,소재,화학
020150,일진머티리얼즈,보통주,IT,하드웨어,전자 장비 및 기기
003000,부광약품,보통주,의료,제약 및 바이오,제약
004870,티웨이홀딩스,보통주,산업재,운송,항공운수
129260,인터지스,보통주,산업재,운송,해상운수
005950,이수화학,보통주,소재,소재,화학
079160,씨제이씨지브이,보통주,경기소비재,미디어,미디어
298040,효성중공업,보통주,산업재,자본재,기계
027970,세하,보통주,소재,소재,종이 및 목재
011790,SKC,보통주,소재,소재,화학
084680,이월드,보통주,경기소비재,소비자 서비스,호텔 및 레저
010600,웰바이오텍,보통주,경기소비재,내구소비재 및 의류,섬유 및 의복
010620,현대미포조선,보통주,산업재,자본재,조선
005390,신성통상,보통주,경기소비재,내구소비재 및 의류,섬유 및 의복
073240,금호타이어,보통주,경기소비재,자동차 및 부품,자동차부품
003720,삼영화학공업,보통주,소재,소재,용기 및 포장
010100,한국프랜지공업,보통주,경기소비재,자동차 및 부품,자동차부품
003550,LG,보통주,산업재,자본재,복합 산업
33626K,두산퓨얼셀1우선주,우선주,IT,하드웨어,전자 장비 및 기기
004710,한솔테크닉스,보통주,IT,하드웨어,휴대폰 및 관련부품
000100,유한양행,보통주,의료,제약 및 바이오,제약
015020,이스타코,보통주,경기소비재,미디어,미디어
082740,HSD엔진,보통주,산업재,자본재,조선
133820,화인베스틸,보통주,소재,소재,금속 및 광물
017040,광명전기,보통주,산업재,자본재,전기장비
002410,범양건영,보통주,산업재,자본재,건설
030210,케이티비투자증권,보통주,금융,증권,증권
014820,동원시스템즈,보통주,소재,소재,용기 및 포장
000210,디엘,보통주,산업재,자본재,건설
009540,한국조선해양,보통주,산업재,자본재,조선
001230,동국제강,보통주,소재,소재,금속 및 광물
285130,SK케미칼,보통주,소재,소재,화학
119650,케이씨코트렐,보통주,산업재,상업서비스,상업서비스
077500,유니퀘스트,보통주,IT,반도체,반도체 및 관련장비
086280,현대글로비스,보통주,산업재,운송,육상운수
006060,화승인더스트리,보통주,경기소비재,내구소비재 및 의류,섬유 및 의복
006400,삼성SDI,보통주,IT,하드웨어,전자 장비 및 기기
002350,넥센타이어,보통주,경기소비재,자동차 및 부품,자동차부품
030000,제일기획,보통주,경기소비재,미디어,미디어
330590,롯데위탁관리부동산투자회사,보통주,,,
012630,에이치디씨,보통주,소재,소재,화학
033530,세종공업,보통주,경기소비재,자동차 및 부품,자동차부품
005030,부산주공,보통주,경기소비재,자동차 및 부품,자동차부품
298690,에어부산,보통주,산업재,운송,항공운수
002760,보락,보통주,필수소비재,음식료 및 담배,식료품
001200,유진투자증권,보통주,금융,증권,증권
114090,그랜드코리아레저,보통주,경기소비재,소비자 서비스,호텔 및 레저
175330,JB금융지주,보통주,금융,은행,상업은행
271980,제일약품(신설),보통주,의료,제약 및 바이오,제약
013360,일성건설,보통주,산업재,자본재,건설
130660,한전산업개발,보통주,에너지,에너지,에너지 시설 및 서비스
011150,CJ씨푸드,보통주,필수소비재,음식료 및 담배,식료품
008420,문배철강,보통주,소재,소재,금속 및 광물
123890,한국자산신탁,보통주,금융,부동산,부동산
00680K,미래에셋대우2우,2우선주,금융,증권,증권
051910,LG화학,보통주,소재,소재,화학
001260,남광토건,보통주,산업재,자본재,건설
010950,S-OIL,보통주,에너지,에너지,석유 및 가스
003470,유안타증권,보통주,금융,증권,증권
091090,세원셀론텍,보통주,에너지,에너지,에너지 시설 및 서비스
036460,한국가스공사,보통주,유틸리티,유틸리티,가스
139130,DGB금융지주,보통주,금융,은행,상업은행
001140,국보,보통주,산업재,운송,육상운수
005490,포스코,보통주,소재,소재,금속 및 광물
000240,한국앤컴퍼니,보통주,경기소비재,자동차 및 부품,자동차부품
005360,모나미,보통주,산업재,상업서비스,상업서비스
081660,휠라홀딩스,보통주,경기소비재,내구소비재 및 의류,섬유 및 의복
071050,한국투자금융지주,보통주,금융,증권,증권
009070,케이씨티시,보통주,산업재,운송,육상운수
075580,세진중공업,보통주,산업재,자본재,조선
26490K,크라운제과(신설)1우,우선주,필수소비재,음식료 및 담배,식료품
088790,진도,보통주,경기소비재,내구소비재 및 의류,섬유 및 의복
004830,덕성,보통주,경기소비재,내구소비재 및 의류,섬유 및 의복
017670,SK텔레콤,보통주,통신서비스,통신서비스,무선통신
000400,롯데손해보험,보통주,금융,보험,보험
014790,한라,보통주,산업재,자본재,건설
074610,이엔플러스,보통주,산업재,자본재,기계
021050,서원,보통주,소재,소재,금속 및 광물
013570,디와이,보통주,산업재,자본재,기계
003690,코리안리재보험,보통주,금융,보험,보험
018470,조일알미늄,보통주,소재,소재,금속 및 광물
004980,성신양회,보통주,소재,소재,건축소재
001800,오리온홀딩스,보통주,필수소비재,음식료 및 담배,식료품
007660,이수페타시스,보통주,IT,하드웨어,전자 장비 및 기기
000390,삼화페인트공업,보통주,산업재,자본재,건축자재
001620,케이비아이동국실업,보통주,경기소비재,자동차 및 부품,자동차부품
058850,케이티씨에스,보통주,산업재,상업서비스,상업서비스
008260,엔아이스틸,보통주,소재,소재,금속 및 광물
365550,이에스알켄달스퀘어위탁관리부동산투자회사,보통주,,,
161390,한국타이어앤테크놀로지,보통주,경기소비재,자동차 및 부품,자동차부품
001450,현대해상화재보험,보통주,금융,보험,보험
018260,삼성에스디에스,보통주,IT,소프트웨어,IT 서비스
012610,경인양행,보통주,소재,소재,화학
000080,하이트진로,보통주,필수소비재,음식료 및 담배,음료
161890,한국콜마,보통주,필수소비재,생활용품,개인생활용품
326030,SK바이오팜,보통주,의료,제약 및 바이오,제약
267260,현대일렉트릭앤에너지시스템,보통주,산업재,자본재,전기장비
002210,동성제약,보통주,의료,제약 및 바이오,제약
192650,드림텍,보통주,IT,하드웨어,휴대폰 및 관련부품
001500,현대차증권,보통주,금융,증권,증권
001570,금양,보통주,소재,소재,화학
317400,자이에스앤디(주),보통주,산업재,자본재,건설
025860,남해화학,보통주,소재,소재,화학
241590,화승엔터프라이즈,보통주,경기소비재,내구소비재 및 의류,섬유 및 의복
006980,우성사료,보통주,필수소비재,음식료 및 담배,식료품
115390,락앤락,보통주,소재,소재,용기 및 포장
272450,진에어,보통주,산업재,운송,항공운수
012200,계양전기,보통주,경기소비재,자동차 및 부품,자동차부품
023150,MH에탄올,보통주,필수소비재,음식료 및 담배,음료
092780,동양피스톤,보통주,경기소비재,자동차 및 부품,자동차부품
020120,키다리스튜디오,보통주,경기소비재,미디어,미디어
016090,대현,보통주,경기소비재,내구소비재 및 의류,섬유 및 의복
006260,LS,보통주,산업재,자본재,전기장비
011070,LG이노텍,보통주,IT,하드웨어,전자 장비 및 기기
010820,퍼스텍,보통주,산업재,상업서비스,상업서비스
015260,에이엔피,보통주,IT,하드웨어,전자 장비 및 기기
089470,HDC현대EP,보통주,경기소비재,자동차 및 부품,자동차부품
020760,일진디스플레이,보통주,IT,디스플레이,디스플레이 및 관련부품
021240,코웨이주식회사,보통주,경기소비재,내구소비재 및 의류,내구소비재
006200,한국전자홀딩스,보통주,IT,반도체,반도체 및 관련장비
090080,평화산업,보통주,경기소비재,자동차 및 부품,자동차부품
010120,엘에스일렉트릭,보통주,산업재,자본재,전기장비
103140,풍산,보통주,소재,소재,금속 및 광물
001430,세아베스틸,보통주,소재,소재,금속 및 광물
006280,녹십자,보통주,의료,제약 및 바이오,제약
010040,한국내화,보통주,소재,소재,금속 및 광물
006380,카프로,보통주,소재,소재,화학
089590,제주항공,보통주,산업재,운송,항공운수
144620,코오롱머티리얼,보통주,경기소비재,내구소비재 및 의류,섬유 및 의복
016580,환인제약,보통주,의료,제약 및 바이오,제약
227840,현대코퍼레이션홀딩스,보통주,필수소비재,음식료 및 담배,식료품
042660,대우조선해양,보통주,산업재,자본재,조선
003780,진양산업,보통주,소재,소재,화학
200880,서연이화,보통주,경기소비재,자동차 및 부품,자동차부품
017900,광전자,보통주,IT,하드웨어,전자 장비 및 기기
078930,지에스,보통주,에너지,에너지,석유 및 가스
090430,아모레퍼시픽,보통주,필수소비재,생활용품,개인생활용품
095720,웅진씽크빅,보통주,경기소비재,소비자 서비스,교육
008110,대동전자,보통주,IT,하드웨어,전자 장비 및 기기
007860,서연,보통주,경기소비재,자동차 및 부품,자동차부품
281820,케이씨텍,보통주,IT,반도체,반도체 및 관련장비
103590,일진전기,보통주,산업재,자본재,전기장비
007070,지에스리테일,보통주,경기소비재,유통,도소매
011170,롯데케미칼,보통주,소재,소재,화학
006890,태경케미컬,보통주,소재,소재,화학
008930,한미사이언스,보통주,의료,제약 및 바이오,제약
139480,이마트,보통주,경기소비재,유통,도소매
017800,현대엘리베이터,보통주,산업재,자본재,기계
011500,한농화성,보통주,소재,소재,화학
112610,씨에스윈드,보통주,에너지,에너지,에너지 시설 및 서비스
034300,신세계건설,보통주,산업재,자본재,건설
008250,이건산업,보통주,소재,소재,종이 및 목재
023350,한국종합기술,보통주,산업재,자본재,건설
001820,삼화콘덴서공업,보통주,산업재,자본재,전기장비
298020,효성티앤씨,보통주,경기소비재,내구소비재 및 의류,섬유 및 의복
069460,대호에이엘,보통주,소재,소재,금속 및 광물
308170,센트랄모텍,보통주,경기소비재,자동차 및 부품,자동차부품
000910,유니온,보통주,소재,소재,건축소재
029460,케이씨,보통주,IT,반도체,반도체 및 관련장비
019180,티에이치엔,보통주,경기소비재,자동차 및 부품,자동차부품
063160,종근당바이오,보통주,의료,제약 및 바이오,제약
004250,엔피씨,보통주,소재,소재,화학
005810,풍산홀딩스,보통주,소재,소재,금속 및 광물
082640,동양생명보험,보통주,금융,보험,보험
004430,송원산업,보통주,소재,소재,화학
241560,두산밥캣,보통주,산업재,자본재,기계
001120,LG상사,보통주,산업재,자본재,무역
000020,동화약품,보통주,의료,제약 및 바이오,제약
363280,티와이홀딩스,보통주,산업재,자본재,건설
039130,하나투어,보통주,경기소비재,소비자 서비스,호텔 및 레저
069960,현대백화점,보통주,경기소비재,유통,백화점
006110,삼아알미늄,보통주,소재,소재,금속 및 광물
008060,대덕,보통주,금융,기타금융,창업투자 및 종금
079550,엘아이지넥스원,보통주,산업재,상업서비스,상업서비스
185750,종근당,보통주,의료,제약 및 바이오,제약
192080,더블유게임즈,보통주,IT,소프트웨어,게임 소프트웨어
001680,대상,보통주,필수소비재,음식료 및 담배,식료품
009200,무림페이퍼,보통주,소재,소재,종이 및 목재
005830,디비손해보험,보통주,금융,보험,보험
102260,동성코퍼레이션,보통주,소재,소재,화학
014130,한익스프레스,보통주,산업재,운송,육상운수
003580,넥스트사이언스,보통주,소재,소재,건축소재
012690,모나리자,보통주,필수소비재,생활용품,가정생활용품
002990,금호산업,보통주,산업재,자본재,건설
126560,현대퓨처넷,보통주,경기소비재,미디어,미디어
120110,코오롱인더스트리,보통주,소재,소재,화학
004150,한솔홀딩스,보통주,산업재,자본재,복합 산업
036580,팜스코,보통주,필수소비재,음식료 및 담배,식료품
009410,태영건설,보통주,산업재,자본재,건설
004720,우리들제약,보통주,의료,제약 및 바이오,제약
014440,영보화학,보통주,소재,소재,화학
138490,코오롱플라스틱,보통주,소재,소재,화학
016380,케이지동부제철 주식회사,보통주,소재,소재,금속 및 광물
009420,한올바이오파마,보통주,의료,제약 및 바이오,제약
030790,비케이탑스,보통주,IT,소프트웨어,IT 서비스
002310,아세아제지,보통주,소재,소재,종이 및 목재
234080,제이더블유생명과학,보통주,의료,제약 및 바이오,제약
025620,제이준코스메틱,보통주,필수소비재,생활용품,개인생활용품
000490,대동공업,보통주,산업재,자본재,기계
024890,대원화성,보통주,경기소비재,내구소비재 및 의류,섬유 및 의복
002780,진흥기업,보통주,산업재,자본재,건설
014280,금강공업,보통주,산업재,자본재,건축자재
029780,삼성카드,보통주,금융,기타금융,소비자 금융
090370,메타랩스,보통주,경기소비재,내구소비재 및 의류,섬유 및 의복
010420,한솔PNS,보통주,소재,소재,종이 및 목재
002140,고려산업,보통주,필수소비재,음식료 및 담배,식료품
036420,제이콘텐트리,보통주,경기소비재,미디어,미디어
011785,금호석유화학1우,우선주,소재,소재,화학
161000,애경유화,보통주,소재,소재,화학
004970,신라교역,보통주,필수소비재,음식료 및 담배,식료품
009290,광동제약,보통주,의료,제약 및 바이오,제약
010130,고려아연,보통주,소재,소재,금속 및 광물
001040,씨제이,보통주,산업재,운송,육상운수
002450,삼익악기,보통주,경기소비재,내구소비재 및 의류,레저용품
014710,사조씨푸드,보통주,필수소비재,음식료 및 담배,식료품
001020,페이퍼코리아,보통주,소재,소재,종이 및 목재
053690,한미글로벌건축사사무소,보통주,산업재,자본재,건설
005385,현대자동차1우,우선주,경기소비재,자동차 및 부품,자동차
000230,일동홀딩스,보통주,의료,제약 및 바이오,제약
096775,SK이노베이션1우,우선주,에너지,에너지,석유 및 가스
004990,롯데지주,보통주,경기소비재,유통,도소매
069260,휴켐스,보통주,소재,소재,화학
096300,한국월드와이드베트남부동산개발특별자산1호투자회사,보통주,,,
010660,화천기계,보통주,산업재,자본재,기계
029530,신도리코,보통주,IT,하드웨어,사무기기
014990,인디에프,보통주,경기소비재,내구소비재 및 의류,섬유 및 의복
143210,핸즈코퍼레이션,보통주,경기소비재,자동차 및 부품,자동차부품
051630,진양화학,보통주,소재,소재,화학
025820,이구산업,보통주,소재,소재,금속 및 광물
090435,아모레퍼시픽1우,우선주,필수소비재,생활용품,개인생활용품
010960,삼호개발,보통주,산업재,자본재,건설
005870,휴니드테크놀러지스,보통주,IT,하드웨어,통신장비
000810,삼성화재해상보험,보통주,금융,보험,보험
249420,일동제약,보통주,의료,제약 및 바이오,제약
012600,센트럴인사이트,보통주,IT,하드웨어,컴퓨터 및 주변기기
004100,태양금속공업,보통주,경기소비재,자동차 및 부품,자동차부품
067830,세이브존아이앤씨,보통주,경기소비재,유통,백화점
017810,풀무원,보통주,필수소비재,음식료 및 담배,식료품
026940,부국철강,보통주,소재,소재,금속 및 광물
017370,우신시스템,보통주,경기소비재,자동차 및 부품,자동차부품
009155,삼성전기1우,우선주,IT,하드웨어,전자 장비 및 기기
034120,에스비에스,보통주,경기소비재,미디어,미디어
084010,대한제강,보통주,소재,소재,금속 및 광물
002920,유성기업,보통주,경기소비재,자동차 및 부품,자동차부품
226320,잇츠한불,보통주,필수소비재,생활용품,개인생활용품
001210,금호전기,보통주,IT,디스플레이,디스플레이 및 관련부품
007700,에프앤에프,보통주,경기소비재,내구소비재 및 의류,섬유 및 의복
011420,갤럭시아 에스엠,보통주,경기소비재,미디어,미디어
004380,삼익THK,보통주,산업재,자본재,기계
028100,동아지질,보통주,산업재,자본재,건설
096760,제이더블유홀딩스,보통주,의료,제약 및 바이오,제약
018250,애경산업,보통주,필수소비재,생활용품,개인생활용품
111770,영원무역,보통주,경기소비재,내구소비재 및 의류,섬유 및 의복
039490,키움증권,보통주,금융,증권,증권
012510,더존비즈온,보통주,IT,소프트웨어,일반 소프트웨어
060980,한라홀딩스,보통주,경기소비재,자동차 및 부품,자동차부품
070960,용평리조트,보통주,경기소비재,소비자 서비스,호텔 및 레저
079980,휴비스,보통주,경기소비재,내구소비재 및 의류,섬유 및 의복
006840,에이케이홀딩스,보통주,소재,소재,화학
084690,대상홀딩스,보통주,필수소비재,음식료 및 담배,식료품
026960,동서,보통주,필수소비재,음식료 및 담배,식료품
023530,롯데쇼핑,보통주,경기소비재,유통,도소매
051600,한전KPS,보통주,유틸리티,유틸리티,전력
069620,대웅제약,보통주,의료,제약 및 바이오,제약
013520,화승알앤에이,보통주,경기소비재,자동차 및 부품,자동차부품
005740,크라운해태홀딩스,보통주,필수소비재,음식료 및 담배,식료품
090350,노루페인트,보통주,산업재,자본재,건축자재
105840,우진,보통주,산업재,자본재,기계
003010,혜인,보통주,산업재,자본재,기계
229640,엘에스전선아시아,보통주,산업재,자본재,전기장비
207940,삼성바이오로직스,보통주,의료,제약 및 바이오,바이오
214390,경보제약,보통주,의료,제약 및 바이오,제약
008730,율촌화학,보통주,소재,소재,용기 및 포장
009680,모토닉,보통주,경기소비재,자동차 및 부품,자동차부품
102460,이연제약,보통주,의료,제약 및 바이오,제약
002790,아모레퍼시픽그룹,보통주,필수소비재,생활용품,개인생활용품
025560,미래산업,보통주,IT,반도체,반도체 및 관련장비
071970,STX중공업,보통주,산업재,자본재,조선
128940,한미약품,보통주,의료,제약 및 바이오,제약
307950,현대오토에버,보통주,IT,소프트웨어,IT 서비스
093050,LF,보통주,경기소비재,내구소비재 및 의류,섬유 및 의복
006390,한일현대시멘트,보통주,소재,소재,건축소재
210980,에스케이디앤디,보통주,금융,부동산,부동산
005387,현대자동차2우,2우선주,경기소비재,자동차 및 부품,자동차
298000,효성화학,보통주,소재,소재,화학
001290,상상인증권,보통주,금융,증권,증권
009440,케이씨그린홀딩스,보통주,산업재,상업서비스,상업서비스
322000,현대에너지솔루션(주),보통주,에너지,에너지,에너지 시설 및 서비스
004000,롯데정밀화학,보통주,소재,소재,화학
105630,한세실업,보통주,경기소비재,내구소비재 및 의류,섬유 및 의복
001880,대림건설,보통주,산업재,자본재,건설
002720,국제약품,보통주,의료,제약 및 바이오,제약
052690,한국전력기술,보통주,에너지,에너지,에너지 시설 및 서비스
001390,케이지케미칼,보통주,IT,소프트웨어,IT 서비스
007610,선도전기,보통주,산업재,자본재,전기장비
004920,씨아이테크,보통주,IT,소프트웨어,IT 서비스
032560,황금에스티,보통주,소재,소재,금속 및 광물
006120,에스케이디스커버리,보통주,에너지,에너지,석유 및 가스
016610,디비금융투자,보통주,금융,증권,증권
108670,LG하우시스,보통주,산업재,자본재,건축자재
192820,코스맥스,보통주,필수소비재,생활용품,개인생활용품
123690,한국화장품,보통주,필수소비재,생활용품,개인생활용품
002320,한진,보통주,산업재,운송,육상운수
005960,동부건설,보통주,산업재,자본재,건설
006805,미래에셋대우1우,우선주,금융,증권,증권
044450,케이에스에스해운,보통주,산업재,운송,해상운수
014910,성문전자,보통주,산업재,자본재,전기장비
001550,조비,보통주,소재,소재,화학
085620,미래에셋생명보험,보통주,금융,보험,보험
095570,에이제이네트웍스,보통주,산업재,운송,운송인프라
002690,동일제강,보통주,소재,소재,금속 및 광물
081000,일진다이아몬드,보통주,소재,소재,금속 및 광물
000540,흥국화재해상보험,보통주,금융,보험,보험
064960,에스앤티모티브,보통주,경기소비재,자동차 및 부품,자동차부품
005945,NH투자증권1우,우선주,금융,증권,증권
006090,사조오양,보통주,필수소비재,음식료 및 담배,식료품
058860,케이티아이에스,보통주,산업재,상업서비스,상업서비스
28513K,SK케미칼 1우,우선주,소재,소재,화학
030610,교보증권,보통주,금융,증권,증권
010780,아이에스동서,보통주,산업재,자본재,건설
007280,한국특수형강,보통주,소재,소재,금속 및 광물
009160,심팩,보통주,산업재,자본재,기계
000150,두산,보통주,산업재,자본재,복합 산업
111110,호전실업,보통주,경기소비재,내구소비재 및 의류,섬유 및 의복
001940,KISCO홀딩스,보통주,소재,소재,금속 및 광물
339770,교촌에프앤비,보통주,필수소비재,음식료 및 담배,식료품
094800,미래에셋맵스아시아퍼시픽부동산공모1호투자회사,보통주,,,
025540,한국단자공업,보통주,경기소비재,자동차 및 부품,자동차부품
020000,한섬,보통주,경기소비재,내구소비재 및 의류,섬유 및 의복
004440,삼일씨엔에스,보통주,소재,소재,건축소재
005720,넥센,보통주,경기소비재,자동차 및 부품,자동차부품
003610,방림,보통주,경기소비재,내구소비재 및 의류,섬유 및 의복
010770,평화홀딩스,보통주,경기소비재,자동차 및 부품,자동차부품
267270,현대건설기계,보통주,산업재,자본재,기계
004540,깨끗한나라,보통주,소재,소재,종이 및 목재
244920,에이플러스에셋어드바이저,보통주,금융,보험,보험
128820,대성산업,보통주,에너지,에너지,석유 및 가스
097230,한진중공업,보통주,산업재,자본재,건설
00088K,한화3우,3우선주,산업재,자본재,복합 산업
011810,STX,보통주,산업재,자본재,무역
001060,제이더블유중외제약,보통주,의료,제약 및 바이오,제약
003220,대원제약,보통주,의료,제약 및 바이오,제약
009470,삼화전기,보통주,IT,하드웨어,전자 장비 및 기기
344820,케이씨씨글라스,보통주,산업재,자본재,건축자재
001515,SK증권1우,우선주,금융,증권,증권
019680,대교,보통주,경기소비재,소비자 서비스,교육
006405,삼성SDI1우,우선주,IT,하드웨어,전자 장비 및 기기
271560,오리온(신설),보통주,필수소비재,음식료 및 담배,식료품
001420,태원물산,보통주,경기소비재,자동차 및 부품,자동차부품
003535,한화투자증권1우,우선주,금융,증권,증권
011700,한신기계공업,보통주,산업재,자본재,기계
002795,아모레퍼시픽그룹1우,우선주,필수소비재,생활용품,개인생활용품
016450,한세예스24홀딩스,보통주,경기소비재,내구소비재 및 의류,섬유 및 의복
155660,디에스알,보통주,소재,소재,금속 및 광물
267850,아시아나아이디티,보통주,IT,소프트웨어,IT 서비스
068400,에스케이렌터카,보통주,경기소비재,소비자 서비스,호텔 및 레저
036570,엔씨소프트,보통주,IT,소프트웨어,게임 소프트웨어
006345,대원전선1우,우선주,산업재,자본재,전기장비
002220,한일철강,보통주,소재,소재,금속 및 광물
001750,한양증권,보통주,금융,증권,증권
013580,계룡건설산업,보통주,산업재,자본재,건설
210540,디와이파워,보통주,경기소비재,자동차 및 부품,자동차부품
078520,에이블씨엔씨,보통주,필수소비재,생활용품,개인생활용품
348950,제이알글로벌위탁관리부동산투자회사,보통주,,,
010640,진양폴리우레탄,보통주,소재,소재,화학
071840,롯데하이마트,보통주,경기소비재,유통,도소매
006650,대한유화,보통주,소재,소재,화학
024720,한국콜마홀딩스,보통주,필수소비재,생활용품,개인생활용품
004170,신세계,보통주,경기소비재,유통,백화점
069730,디에스알제강,보통주,소재,소재,금속 및 광물
181710,엔에이치엔,보통주,IT,소프트웨어,게임 소프트웨어
163560,동일고무벨트,보통주,경기소비재,자동차 및 부품,자동차부품
004565,현대비앤지스틸1우,우선주,소재,소재,금속 및 광물
016880,웅진,보통주,산업재,자본재,복합 산업
213500,한솔제지,보통주,소재,소재,종이 및 목재
138040,메리츠금융지주,보통주,금융,보험,보험
180640,한진칼,보통주,산업재,운송,항공운수
097950,씨제이제일제당,보통주,산업재,운송,육상운수
286940,롯데정보통신,보통주,IT,소프트웨어,IT 서비스
138250,엔에스쇼핑,보통주,경기소비재,유통,온라인쇼핑
013890,지누스,보통주,경기소비재,내구소비재 및 의류,내구소비재
357120,코람코에너지플러스위탁관리부동산투자회사,보통주,,,
004840,DRB동일,보통주,경기소비재,자동차 및 부품,자동차부품
33637K,솔루스첨단소재1우,우선주,IT,하드웨어,전자 장비 및 기기
002390,한독,보통주,의료,제약 및 바이오,제약
094280,효성ITX,보통주,산업재,상업서비스,상업서비스
123700,에스제이엠,보통주,경기소비재,자동차 및 부품,자동차부품
293940,신한알파위탁관리부동산투자회사,보통주,금융,부동산,부동산
036530,S&T홀딩스,보통주,경기소비재,자동차 및 부품,자동차부품
014530,극동유화,보통주,에너지,에너지,석유 및 가스
009140,경인전자,보통주,IT,하드웨어,전자 장비 및 기기
100250,진양홀딩스,보통주,경기소비재,자동차 및 부품,자동차부품
039570,HDC아이콘트롤스,보통주,산업재,자본재,건설
101530,해태제과식품,보통주,필수소비재,음식료 및 담배,식료품
001530,디아이동일,보통주,경기소비재,내구소비재 및 의류,섬유 및 의복
000120,씨제이대한통운,보통주,산업재,운송,육상운수
282330,비지에프리테일(신설),보통주,경기소비재,유통,도소매
214320,이노션,보통주,경기소비재,미디어,미디어
002100,경농,보통주,소재,소재,화학
012750,에스원,보통주,산업재,상업서비스,상업서비스
068290,삼성출판사,보통주,경기소비재,내구소비재 및 의류,레저용품
002620,제일파마홀딩스,보통주,의료,제약 및 바이오,제약
025890,한국주강,보통주,소재,소재,금속 및 광물
003545,대신증권1우,우선주,금융,증권,증권
011390,부산산업,보통주,소재,소재,건축소재
014680,한솔케미칼,보통주,소재,소재,화학
055490,테이팩스,보통주,IT,하드웨어,휴대폰 및 관련부품
145720,덴티움,보통주,의료,의료 장비 및 서비스,의료 장비 및 서비스
284740,쿠쿠홈시스,보통주,경기소비재,내구소비재 및 의류,내구소비재
168490,한국투자패러랠유전해외자원개발특별자산투자회사1호지분증권,보통주,,,
003540,대신증권,보통주,금융,증권,증권
011760,현대종합상사,보통주,산업재,자본재,무역
015230,대창단조,보통주,산업재,자본재,기계
030720,동원수산,보통주,필수소비재,음식료 및 담배,식료품
293480,하나제약,보통주,의료,제약 및 바이오,제약
003570,S&T중공업,보통주,경기소비재,자동차 및 부품,자동차부품
019175,신풍제약1우,우선주,의료,제약 및 바이오,제약
122900,아이마켓코리아,보통주,경기소비재,유통,온라인쇼핑
005500,삼진제약,보통주,의료,제약 및 바이오,제약
000220,유유제약,보통주,의료,제약 및 바이오,제약
009240,한샘,보통주,경기소비재,내구소비재 및 의류,내구소비재
267250,현대중공업지주,보통주,에너지,에너지,석유 및 가스
005680,삼영전자공업,보통주,산업재,자본재,전기장비
37550K,디엘이앤씨 1우,우선주,산업재,자본재,건설
003070,코오롱글로벌,보통주,산업재,자본재,건설
002150,도화엔지니어링,보통주,산업재,자본재,건설
058730,다스코,보통주,산업재,운송,운송인프라
092440,기신정기,보통주,산업재,자본재,기계
033920,무학,보통주,필수소비재,음식료 및 담배,음료
009450,경동나비엔,보통주,경기소비재,내구소비재 및 의류,내구소비재
006660,삼성공조,보통주,경기소비재,자동차 및 부품,자동차부품
101060,SBS미디어홀딩스,보통주,경기소비재,미디어,미디어
004960,한신공영,보통주,산업재,자본재,건설
004910,조광페인트,보통주,산업재,자본재,건축자재
003230,삼양식품,보통주,필수소비재,음식료 및 담배,식료품
005750,대림비앤코,보통주,산업재,자본재,건축자재
003480,한진중공업홀딩스,보통주,유틸리티,유틸리티,가스
002460,화성산업,보통주,산업재,자본재,건설
33626L,두산퓨얼셀2우선주(신형),2우선주,IT,하드웨어,전자 장비 및 기기
003495,대한항공1우,우선주,산업재,운송,항공운수
000970,한국주철관공업,보통주,소재,소재,금속 및 광물
011230,삼화전자공업,보통주,산업재,자본재,전기장비
053210,케이티스카이라이프,보통주,경기소비재,미디어,미디어
008490,서흥,보통주,의료,제약 및 바이오,제약
000070,삼양홀딩스,보통주,소재,소재,화학
172580,하이골드오션12호국제선박투자회사,보통주,,,
003555,LG1우,우선주,산업재,자본재,복합 산업
005745,크라운해태홀딩스1우,우선주,필수소비재,음식료 및 담배,식료품
016710,대성홀딩스,보통주,유틸리티,유틸리티,가스
051915,LG화학1우,우선주,소재,소재,화학
072130,유엔젤,보통주,IT,소프트웨어,IT 서비스
002380,케이씨씨,보통주,산업재,자본재,건축자재
031430,신세계인터내셔날,보통주,경기소비재,내구소비재 및 의류,섬유 및 의복
049800,우진플라임,보통주,산업재,자본재,기계
002020,코오롱,보통주,산업재,자본재,복합 산업
005090,에스지씨에너지,보통주,소재,소재,용기 및 포장
084870,티비에이치글로벌,보통주,경기소비재,내구소비재 및 의류,섬유 및 의복
002200,한국수출포장공업,보통주,소재,소재,용기 및 포장
334890,이지스밸류플러스위탁관리부동산투자회사,보통주,,,
051900,LG생활건강,보통주,필수소비재,생활용품,개인생활용품
001770,신화실업,보통주,소재,소재,금속 및 광물
003080,성보화학,보통주,소재,소재,화학
005389,현대자동차3우,3우선주,경기소비재,자동차 및 부품,자동차
009415,태영건설1우,우선주,산업재,자본재,건설
034310,NICE홀딩스,보통주,IT,소프트웨어,IT 서비스
000680,LS네트웍스,보통주,경기소비재,유통,도소매
000640,동아쏘시오홀딩스,보통주,의료,제약 및 바이오,제약
002240,고려제강,보통주,소재,소재,금속 및 광물
003680,한성기업,보통주,필수소비재,음식료 및 담배,식료품
000215,디엘1우,우선주,산업재,자본재,건설
019685,대교 1우,우선주,경기소비재,소비자 서비스,교육
145990,삼양사,보통주,필수소비재,음식료 및 담배,식료품
194370,제이에스코퍼레이션,보통주,경기소비재,내구소비재 및 의류,섬유 및 의복
033660,우리금융캐피탈,보통주,금융,기타금융,소비자 금융
108675,LG하우시스1우,우선주,산업재,자본재,건축자재
170900,동아에스티,보통주,의료,제약 및 바이오,제약
004985,성신양회1우,우선주,소재,소재,건축소재
002810,삼영무역,보통주,소재,소재,화학
338100,엔에이치프라임위탁관리부동산투자회사,보통주,,,
100840,S&TC,보통주,에너지,에너지,에너지 시설 및 서비스
007575,일양약품1우,우선주,의료,제약 및 바이오,제약
007340,디티알오토모티브,보통주,경기소비재,자동차 및 부품,자동차부품
014830,유니드,보통주,소재,소재,화학
214420,토니모리,보통주,필수소비재,생활용품,개인생활용품
071055,한국투자금융지주1우,우선주,금융,증권,증권
005010,휴스틸,보통주,소재,소재,금속 및 광물
009970,영원무역홀딩스,보통주,경기소비재,내구소비재 및 의류,섬유 및 의복
058430,포스코강판,보통주,소재,소재,금속 및 광물
069640,한세엠케이,보통주,경기소비재,내구소비재 및 의류,섬유 및 의복
005300,롯데칠성음료,보통주,필수소비재,음식료 및 담배,음료
155900,바다로19호선박투자회사,보통주,,,
025530,에스제이엠홀딩스,보통주,경기소비재,자동차 및 부품,자동차부품
018670,SK가스,보통주,에너지,에너지,석유 및 가스
035000,지투알,보통주,경기소비재,미디어,미디어
084695,대상홀딩스1우,우선주,필수소비재,음식료 및 담배,식료품
007590,동방아그로,보통주,소재,소재,화학
015890,태경산업,보통주,산업재,자본재,복합 산업
000520,삼일제약,보통주,의료,제약 및 바이오,제약
000140,하이트진로홀딩스,보통주,필수소비재,음식료 및 담배,음료
004370,농심,보통주,필수소비재,음식료 및 담배,식료품
023810,인팩,보통주,경기소비재,자동차 및 부품,자동차부품
044820,코스맥스비티아이,보통주,필수소비재,음식료 및 담배,식료품
003460,유화증권,보통주,금융,증권,증권
117580,대성에너지,보통주,유틸리티,유틸리티,가스
007690,국도화학,보통주,소재,소재,화학
003547,대신증권2우,2우선주,금융,증권,증권
282690,동아타이어공업(신설),보통주,경기소비재,자동차 및 부품,자동차부품
350520,이지스레지던스위탁관리부동산투자회사,보통주,,,
057050,현대홈쇼핑,보통주,경기소비재,유통,온라인쇼핑
35320K,대덕전자 1우,우선주,IT,하드웨어,전자 장비 및 기기
003350,한국화장품제조,보통주,필수소비재,생활용품,개인생활용품
016590,신대양제지,보통주,소재,소재,종이 및 목재
008775,호텔신라1우,우선주,경기소비재,유통,도소매
004105,태양금속공업1우,우선주,경기소비재,자동차 및 부품,자동차부품
003960,사조대림,보통주,필수소비재,음식료 및 담배,식료품
004255,엔피씨1우,우선주,소재,소재,화학
010955,S-OIL1우,우선주,에너지,에너지,석유 및 가스
001630,종근당홀딩스,보통주,의료,제약 및 바이오,제약
02826K,삼성물산1우,우선주,산업재,자본재,복합 산업
017940,E1,보통주,에너지,에너지,석유 및 가스
004080,신흥,보통주,의료,의료 장비 및 서비스,의료 장비 및 서비스
005610,에스피씨삼립,보통주,필수소비재,음식료 및 담배,식료품
007160,사조산업,보통주,필수소비재,음식료 및 담배,식료품
004835,덕성1우,우선주,경기소비재,내구소비재 및 의류,섬유 및 의복
003475,유안타증권1우,우선주,금융,증권,증권
005180,빙그레,보통주,필수소비재,음식료 및 담배,식료품
000050,경방,보통주,경기소비재,내구소비재 및 의류,섬유 및 의복
006125,에스케이디스커버리1우,우선주,에너지,에너지,석유 및 가스
006880,신송홀딩스,보통주,필수소비재,음식료 및 담배,식료품
075180,새론오토모티브,보통주,경기소비재,자동차 및 부품,자동차부품
03473K,SK1우,우선주,에너지,에너지,석유 및 가스
248170,샘표식품,보통주,필수소비재,음식료 및 담배,식료품
152550,한국투자ANKOR유전해외자원개발특별자산투자회사1호(지분증권),보통주,,,
000320,노루홀딩스,보통주,산업재,자본재,건축자재
001685,대상1우,우선주,필수소비재,음식료 및 담배,식료품
306200,세아제강(신설),보통주,소재,소재,금속 및 광물
36328K,티와이홀딩스1우,우선주,산업재,자본재,건설
001560,제일연마공업,보통주,소재,소재,금속 및 광물
272550,삼양패키징,보통주,소재,소재,용기 및 포장
000500,가온전선,보통주,산업재,자본재,전기장비
077970,STX엔진,보통주,산업재,자본재,조선
031440,신세계푸드,보통주,필수소비재,음식료 및 담배,식료품
002030,아세아,보통주,소재,소재,종이 및 목재
035510,신세계아이앤씨,보통주,IT,소프트웨어,IT 서비스
078000,텔코웨어,보통주,IT,소프트웨어,일반 소프트웨어
003300,한일홀딩스,보통주,소재,소재,건축소재
120115,코오롱인더스트리1우,우선주,소재,소재,화학
097955,씨제이제일제당1우,우선주,산업재,운송,육상운수
024090,디씨엠,보통주,소재,소재,금속 및 광물
009835,한화솔루션1우,우선주,소재,소재,화학
000700,유수홀딩스,보통주,산업재,운송,해상운수
000860,강남제비스코,보통주,산업재,자본재,건축자재
204210,모두투어자기관리부동산투자회사,보통주,금융,부동산,부동산
000155,두산1우,우선주,산업재,자본재,복합 산업
004365,세방1우,우선주,산업재,운송,육상운수
001790,대한제당,보통주,필수소비재,음식료 및 담배,식료품
183190,아세아시멘트,보통주,소재,소재,건축소재
000480,조선내화,보통주,소재,소재,금속 및 광물
267290,경동도시가스(신설),보통주,유틸리티,유틸리티,가스
088260,이리츠코크렙기업구조조정부동산투자회사,보통주,금융,부동산,부동산
134790,시디즈,보통주,경기소비재,내구소비재 및 의류,내구소비재
100220,비상교육,보통주,경기소비재,소비자 서비스,교육
000545,흥국화재해상보험1우,우선주,금융,보험,보험
010400,우진아이엔에스,보통주,산업재,자본재,기계
00104K,씨제이4우,4우선주,산업재,운송,육상운수
051905,LG생활건강1우,우선주,필수소비재,생활용품,개인생활용품
001080,만호제강,보통주,소재,소재,금속 및 광물
008870,금비,보통주,소재,소재,용기 및 포장
001720,신영증권,보통주,금융,증권,증권
071320,한국지역난방공사,보통주,유틸리티,유틸리티,전력
008500,일정실업,보통주,경기소비재,자동차 및 부품,자동차부품
002820,선창산업,보통주,소재,소재,종이 및 목재
001270,부국증권,보통주,금융,증권,증권
00279K,아모레퍼시픽그룹 3우,3우선주,필수소비재,생활용품,개인생활용품
004415,서울식품공업1우,우선주,필수소비재,음식료 및 담배,식료품
140910,에이자기관리부동산투자회사,보통주,,,
000815,삼성화재해상보험1우,우선주,금융,보험,보험
002355,넥센타이어1우,우선주,경기소비재,자동차 및 부품,자동차부품
000760,이화산업,보통주,소재,소재,화학
007540,샘표,보통주,필수소비재,음식료 및 담배,식료품
280360,롯데제과(신설),보통주,필수소비재,음식료 및 담배,식료품
005190,동성화학,보통주,소재,소재,화학
153360,하이골드오션3호선박투자회사,보통주,,,
003240,태광산업,보통주,소재,소재,화학
019440,세아특수강,보통주,소재,소재,금속 및 광물
049770,동원에프앤비,보통주,필수소비재,음식료 및 담배,식료품
092230,KPX홀딩스,보통주,소재,소재,화학
005430,한국공항,보통주,산업재,운송,항공운수
000075,삼양홀딩스1우,우선주,소재,소재,화학
300720,한일시멘트(신설),보통주,소재,소재,건축소재
072710,농심홀딩스,보통주,필수소비재,음식료 및 담배,식료품
006040,동원산업,보통주,필수소비재,음식료 및 담배,식료품
357250,미래에셋맵스제1호위탁관리부동산투자회사,보통주,,,
001045,씨제이1우,우선주,산업재,운송,육상운수
005257,녹십자홀딩스2우,2우선주,의료,제약 및 바이오,제약
00806K,대덕1우,우선주,금융,기타금융,창업투자 및 종금
084670,동양고속,보통주,산업재,운송,육상운수
002170,삼양통상,보통주,경기소비재,내구소비재 및 의류,섬유 및 의복
004690,삼천리,보통주,유틸리티,유틸리티,가스
025000,KPX케미칼,보통주,소재,소재,화학
18064K,한진칼1우,우선주,산업재,운송,항공운수
005820,원림,보통주,소재,소재,용기 및 포장
000105,유한양행1우,우선주,의료,제약 및 바이오,제약
012205,계양전기1우,우선주,경기소비재,자동차 및 부품,자동차부품
000087,하이트진로2우,2우선주,필수소비재,음식료 및 담배,음료
078935,지에스1우,우선주,에너지,에너지,석유 및 가스
000590,씨에스홀딩스,보통주,소재,소재,금속 및 광물
001070,대한방직,보통주,경기소비재,내구소비재 및 의류,섬유 및 의복
120030,조선선재,보통주,소재,소재,금속 및 광물
014825,동원시스템즈1우,우선주,소재,소재,용기 및 포장
090355,노루페인트1우,우선주,산업재,자본재,건축자재
071090,하이스틸,보통주,소재,소재,금속 및 광물
000725,현대건설1우,우선주,산업재,자본재,건설
007310,오뚜기,보통주,필수소비재,음식료 및 담배,식료품
000950,전방,보통주,경기소비재,내구소비재 및 의류,섬유 및 의복
192400,쿠쿠홀딩스,보통주,경기소비재,내구소비재 및 의류,내구소비재
000850,화천기공,보통주,산업재,자본재,기계
003030,세아제강지주,보통주,소재,소재,금속 및 광물
003200,일신방직,보통주,경기소비재,내구소비재 및 의류,섬유 및 의복
000995,DB 하이텍1우,우선주,IT,반도체,반도체 및 관련장비
012320,경동인베스트,보통주,유틸리티,유틸리티,가스
002270,롯데푸드,보통주,필수소비재,음식료 및 담배,식료품
002785,진흥기업1우,우선주,산업재,자본재,건설
017390,서울도시가스,보통주,유틸리티,유틸리티,가스
001130,대한제분,보통주,필수소비재,음식료 및 담배,식료품
006370,대구백화점,보통주,경기소비재,유통,백화점
014285,금강공업1우,우선주,산업재,자본재,건축자재
004090,한국석유공업,보통주,소재,소재,건축소재
000225,유유제약1우,우선주,의료,제약 및 바이오,제약
33637L,솔루스첨단소재2우,2우선주,IT,하드웨어,전자 장비 및 기기
004700,조광피혁,보통주,경기소비재,내구소비재 및 의류,섬유 및 의복
007815,코리아써키트1우,우선주,IT,하드웨어,전자 장비 및 기기
003920,남양유업,보통주,필수소비재,음식료 및 담배,식료품
014915,성문전자1우,우선주,산업재,자본재,전기장비
002840,미원상사,보통주,소재,소재,화학
005305,롯데칠성음료1우,우선주,필수소비재,음식료 및 담배,음료
001275,부국증권1우,우선주,금융,증권,증권
015350,부산도시가스,보통주,유틸리티,유틸리티,가스
003120,일성신약,보통주,의료,제약 및 바이오,제약
004545,깨끗한나라1우,우선주,소재,소재,종이 및 목재
003075,코오롱글로벌1우,우선주,산업재,자본재,건설
000670,영풍,보통주,IT,하드웨어,휴대폰 및 관련부품
008355,남선알미늄1우,우선주,소재,소재,금속 및 광물
003830,대한화섬,보통주,소재,소재,화학
000145,하이트진로홀딩스1우,우선주,필수소비재,음식료 및 담배,음료
000885,한화1우,우선주,산업재,자본재,복합 산업
268280,미원스페셜티케미칼(신설),보통주,소재,소재,화학
107590,미원홀딩스,보통주,소재,소재,화학
002025,코오롱1우,우선주,산업재,자본재,복합 산업
002960,한국쉘석유,보통주,소재,소재,화학
005725,넥센1우,우선주,경기소비재,자동차 및 부품,자동차부품
001725,신영증권1우,우선주,금융,증권,증권
016800,퍼시스,보통주,경기소비재,내구소비재 및 의류,내구소비재
009275,신원1우,우선주,경기소비재,내구소비재 및 의류,섬유 및 의복
001755,한양증권1우,우선주,금융,증권,증권
002995,금호산업1우,우선주,산업재,자본재,건설
009770,삼정펄프,보통주,필수소비재,생활용품,가정생활용품
037710,광주신세계,보통주,경기소비재,유통,백화점
058650,세아홀딩스,보통주,소재,소재,금속 및 광물
00781K,코리아써키트2우,2우선주,IT,하드웨어,전자 장비 및 기기
134380,미원화학,보통주,소재,소재,화학
001745,SK네트웍스1우,우선주,산업재,자본재,복합 산업
000650,천일고속,보통주,산업재,운송,육상운수
004450,삼화왕관,보통주,소재,소재,용기 및 포장
00499K,롯데지주1우,우선주,경기소비재,유통,도소매
023450,동남합성,보통주,소재,소재,화학
001525,동양1우,우선주,소재,소재,건축소재
010145,삼성중공업1우,우선주,산업재,자본재,조선
011155,CJ씨푸드1우,우선주,필수소비재,음식료 및 담배,식료품
001795,대한제당1우,우선주,필수소비재,음식료 및 담배,식료품
004890,동일산업,보통주,소재,소재,금속 및 광물
034590,인천도시가스,보통주,유틸리티,유틸리티,가스
005965,동부건설1우,우선주,산업재,자본재,건설
001065,제이더블유중외제약1우,우선주,의료,제약 및 바이오,제약
000325,노루홀딩스1우,우선주,산업재,자본재,건축자재
001460,BYC,보통주,경기소비재,내구소비재 및 의류,섬유 및 의복
002787,진흥기업2우,2우선주,산업재,자본재,건설
000227,유유제약2우,2우선주,의료,제약 및 바이오,제약
000157,두산2우,2우선주,산업재,자본재,복합 산업
003465,유화증권1우,우선주,금융,증권,증권
005800,신영와코루,보통주,경기소비재,내구소비재 및 의류,섬유 및 의복
001067,제이더블유중외제약2우,2우선주,의료,제약 및 바이오,제약
145995,삼양사1우,우선주,필수소비재,음식료 및 담배,식료품
003650,미창석유공업,보통주,소재,소재,화학
001465,BYC1우,우선주,경기소비재,내구소비재 및 의류,섬유 및 의복
015360,예스코홀딩스,보통주,유틸리티,유틸리티,가스
000547,흥국화재해상보험2우,2우선주,금융,보험,보험
016385,케이지동부제철 주식회사1우,우선주,소재,소재,금속 및 광물
003925,남양유업1우,우선주,필수소비재,음식료 및 담배,식료품
001527,동양2우,2우선주,소재,소재,건축소재
002600,조흥,보통주,필수소비재,음식료 및 담배,식료품
001529,동양3우,3우선주,소재,소재,건축소재
002420,세기상사,보통주,경기소비재,미디어,미디어
007630,폴루스바이오팜,보통주,IT,하드웨어,통신장비
003280,흥아해운,보통주,산업재,운송,해상운수
003620,쌍용자동차,보통주,경기소비재,자동차 및 부품,자동차
010580,지코,보통주,경기소비재,자동차 및 부품,자동차부품
011690,유양디앤유,보통주,IT,하드웨어,전자 장비 및 기기
012170,키위미디어그룹,보통주,경기소비재,미디어,미디어
021820,세원정공,보통주,경기소비재,자동차 및 부품,자동차부품
109070,컨버즈,보통주,소재,소재,종이 및 목재
248070,솔루엠,보통주,IT,하드웨어,전자 장비 및 기기
